Player,Pos,To,AP1,PB,St,wAV,G,Cmp,Att,Yds,TD,Int,Att,Yds,TD,Rec,Yds,TD,Solo,Int,Sk,-9999
Joseph Addai,RB,2011,0,1,4,50,78,1,1,22,1,0,1095,4453,39,191,1448,9,,,,AddaJo00
Victor Adeyanju,DE,2009,0,0,2,13,53,0,0,0,0,0,0,0,0,0,0,0,109,,3.0,AdeyVi20
James Adkisson,WR,2006,0,0,0,0,2,0,0,0,0,0,0,0,0,1,9,0,,,,AdkiJa00
Anthony Alabi,T,2007,0,0,0,1,16,0,0,0,0,0,0,0,0,0,0,0,,,,AlabAn20
Zac Alcorn,TE,2006,0,0,0,0,6,0,0,0,0,0,0,0,0,0,0,0,1,,,AlcoZa20
Jason Allen,DB,2012,0,0,1,13,98,0,0,0,0,0,0,0,0,0,0,0,213,15,,AlleJa23
Jon Alston,LB,2009,0,0,0,5,39,0,0,0,0,0,1,22,0,0,0,0,51,,,AlstJo20
David Anderson,WR,2011,0,0,0,7,67,0,0,0,0,0,0,0,0,88,965,4,8,,,AndeDa01
Derek Anderson,QB,2018,0,1,3,23,78,909,1674,10878,60,64,102,226,5,0,0,0,,,,AndeDe00
James Anderson,LB,2015,0,0,4,31,123,0,0,0,0,0,0,0,0,0,0,0,421,3,12.0,AndeJa21
Mark Anderson,DE,2012,0,0,1,21,98,0,0,0,0,0,0,0,0,0,0,0,132,,36.5,AndeMa21
Willie Andrews,DB,2007,0,0,0,3,30,0,0,0,0,0,0,0,0,0,0,0,12,,,AndrWi20
Miles Austin,WR,2015,0,2,6,38,129,0,0,0,0,0,11,94,1,361,5273,37,12,,,AustMi00
Jason Avant,WR,2015,0,0,3,29,148,0,0,0,0,0,2,2,0,346,4118,13,22,,,AvanJa00
Brett Basanez,QB,2006,0,0,0,0,1,6,11,56,0,1,1,2,0,0,0,0,,,,BasaBr00
Hank Baskett,WR,2010,0,0,0,9,67,0,1,0,0,1,0,0,0,77,1098,6,7,,,BaskHa00
Jordan Beck,LB,2007,0,0,0,2,26,0,0,0,0,0,0,0,0,0,0,0,19,,,BeckJo20
Mike Bell,RB,2010,0,0,0,12,53,0,0,0,0,0,395,1475,14,33,258,0,2,,,BellMi00
Charles Bennett,LB,2006,0,0,0,0,3,0,0,0,0,0,0,0,0,0,0,0,1,,,BennCh21
Antoine Bethea,DB,2019,0,3,12,63,209,0,0,0,0,0,0,0,0,0,0,0,995,25,9.5,BethAn20
Taye Biddle,WR,2006,0,0,0,0,2,0,0,0,0,0,0,0,0,3,37,0,1,,,BiddTa00
Will Blackmon,DB,2016,0,0,2,16,96,0,0,0,0,0,0,0,0,0,0,0,159,4,3.5,BlacWi20
Greg Blue,DB,2007,0,0,0,2,20,0,0,0,0,0,0,0,0,0,0,0,18,,,BlueGr20
Shaun Bodiford,WR,2007,0,0,0,0,12,0,0,0,0,0,0,0,0,1,13,0,4,,,BodiSh00
Kevin Boothe,T,2014,0,0,4,27,114,0,0,0,0,0,0,0,0,0,0,0,,,,BootKe20
Stephen Bowen,DE,2015,0,0,4,26,128,0,0,0,0,0,0,0,0,0,0,0,105,,12.5,BoweSt20
Michael Bragg,DB,2006,0,0,0,0,4,0,0,0,0,0,0,0,0,0,0,0,1,,,BragMi00
Jamaal Branch,RB,2007,0,0,0,0,5,0,0,0,0,0,10,29,0,5,14,1,,,,BranJa00
Wesley Britt,T,2008,0,0,0,3,16,0,0,0,0,0,0,0,0,0,0,0,,,,BritWe20
Ahmad Brooks,LB,2017,0,1,6,54,145,0,0,0,0,0,0,0,0,0,0,0,305,3,55.0,BrooAh21
Ricky Brown,LB,2011,0,0,1,7,58,0,0,0,0,0,0,0,0,0,0,0,76,,,BrowRi22
Will Buchanon,WR,2006,0,0,0,0,1,0,0,0,0,0,0,0,0,1,9,0,,,,BuchWi01
Daniel Bullocks,DB,2008,0,0,1,7,31,0,0,0,0,0,0,0,0,0,0,0,119,,1.0,BullDa20
Brodrick Bunkley,DT,2014,0,0,7,40,130,0,0,0,0,0,0,0,0,0,0,0,171,,8.5,BunkBr20
Antwon Burton,DT,2009,0,0,0,0,9,0,0,0,0,0,0,0,0,0,0,0,4,,,BurtAn20
Jarrett Bush,DB,2014,0,0,0,10,137,0,0,0,0,0,0,0,0,0,0,0,152,4,1.5,BushJa20
Reggie Bush,RB,2016,0,0,8,61,134,0,1,0,0,1,1286,5490,36,477,3598,18,,,,BushRe00
John Busing,DB,2009,0,0,0,4,43,0,0,0,0,0,0,0,0,0,0,0,45,1,,BusiJo20
Brad Butler,T,2009,0,0,2,13,33,0,0,0,0,0,0,0,0,0,0,0,,,,ButlBr20
Quincy Butler,DB,2010,0,0,1,4,22,0,0,0,0,0,0,0,0,0,0,0,34,,,ButlQu20
Dominique Byrd,TE,2011,0,0,0,0,17,0,0,0,0,0,0,0,0,6,83,1,,,,ByrdDo00
Dion Byrum,DB,2006,0,0,0,0,3,0,0,0,0,0,0,0,0,0,0,0,8,,,ByruDi20
Brian Calhoun,RB,2007,0,0,0,1,11,0,0,0,0,0,14,54,0,7,55,0,1,,,CalhBr00
Greg Camarillo,WR,2012,0,0,2,14,80,0,0,0,0,0,2,1,0,146,1730,5,10,,,CamaGr00
Jason Campbell,QB,2014,0,0,5,48,90,1519,2518,16771,87,60,240,1204,6,0,0,0,,,,CampJa00
Anthony Cannon,LB,2008,0,0,0,3,32,0,0,0,0,0,0,0,0,0,0,0,17,,,CannAn20
Steve Cargile,DB,2009,0,0,0,1,16,0,0,0,0,0,0,0,0,0,0,0,11,,,CargSt20
Bobby Carpenter,LB,2012,0,0,0,11,93,0,0,0,0,0,0,0,0,0,0,0,126,1,3.5,CarpBo20
Paul Carrington,DE,2006,0,0,0,3,15,0,0,0,0,0,0,0,0,0,0,0,33,,3.0,CarrPa21
Jason Carter,WR,2006,0,0,0,0,1,0,0,0,0,0,0,0,0,0,0,0,,,,CartJa00
Chris Chester,G,2016,0,0,9,59,169,0,0,0,0,0,0,0,0,0,0,0,3,,,ChesCh21
Tyson Clabo,T,2014,0,1,8,54,132,0,0,0,0,0,0,0,0,0,0,0,,,,ClabTy20
Brian Clark,WR,2010,0,0,0,0,38,0,0,0,0,0,0,0,0,11,100,0,17,,,ClarBr00
Kellen Clemens,QB,2017,0,0,2,10,64,350,638,4053,16,21,85,227,3,0,0,0,1,,,ClemKe00
Patrick Cobbs,RB,2010,0,0,0,4,54,0,0,0,0,0,37,171,2,32,409,4,22,,,CobbPa00
Earl Cochran,DE,2008,0,0,0,3,24,0,0,0,0,0,0,0,0,0,0,0,35,,3.0,CochEa20
Dan Cody,LB,2006,0,0,0,0,2,0,0,0,0,0,0,0,0,0,0,0,,,,CodyDa20
Barry Cofield,DT,2015,0,0,8,46,138,0,0,0,0,0,0,0,0,0,0,0,208,,19.5,CofiBa20
Nick Cole,C,2010,0,0,1,17,77,0,0,0,0,0,0,0,0,0,0,0,2,,,ColeNi20
Drew Coleman,DB,2011,0,0,0,11,83,0,0,0,0,0,0,0,0,0,0,0,132,4,8.0,ColeDr20
Daryn Colledge,T,2014,0,0,9,57,141,0,0,0,0,0,0,0,0,0,0,0,,,,CollDa20
Richard Collier,T,2007,0,0,0,1,8,0,0,0,0,0,0,0,0,0,0,0,,,,CollRi20
Willie Colon,G,2015,0,0,6,40,100,0,0,0,0,0,0,0,0,0,0,0,,,,ColoWi20
Marques Colston,WR,2015,0,0,7,72,146,0,0,0,0,0,2,7,0,711,9759,72,1,,,ColsMa00
Sean Conover,DE,2007,0,0,0,1,11,0,0,0,0,0,0,0,0,0,0,0,6,,,ConoSe20
Ryan Cook,C,2012,0,0,3,23,90,0,0,0,0,0,0,0,0,0,0,0,,,,CookRy20
Jorge Cordova,LB-DE,2007,0,0,0,1,17,0,0,0,0,0,0,0,0,0,0,0,6,,,CordJo20
Junius Coston,G,2007,0,0,0,5,16,0,0,0,0,0,0,0,0,0,0,0,,,,CostJu20
Antonio Cromartie,DB,2016,1,4,8,66,162,0,0,0,0,0,1,1,0,1,-2,0,376,31,,CromAn20
Brodie Croyle,QB,2010,0,0,0,2,18,181,319,1669,8,9,10,15,0,0,0,0,,,,CroyBr00
Tyrone Culver,DB,2012,0,0,0,7,80,0,0,0,0,0,0,0,0,0,0,0,109,2,1.0,CulvTy20
Airese Currie,WR,2006,0,0,0,0,1,0,0,0,0,0,0,0,0,0,0,0,,,,CurrAi00
Markus Curry,DB,2006,0,0,0,0,2,0,0,0,0,0,0,0,0,0,0,0,,,,CurrMa20
Tony Curtis,TE,2008,0,0,0,0,36,0,0,0,0,0,0,0,0,11,50,3,4,,,CurtTo00
Jay Cutler,QB,2017,0,1,10,86,153,3048,4920,35133,227,160,386,1682,9,0,0,0,1,,,CutlJa00
Harvey Dahl,T,2013,0,0,6,32,87,0,0,0,0,0,0,0,0,0,0,0,,,,DahlHa20
Owen Daniels,TE,2015,0,2,9,41,131,0,0,0,0,0,0,0,0,479,5661,36,2,,,DaniOw00
Torrance Daniels,LB,2009,0,0,0,1,27,0,0,0,0,0,0,0,0,0,0,0,17,,,DaniTo20
Frank Davis,G,2006,0,0,0,2,11,0,0,0,0,0,0,0,0,0,0,0,,,,DaviFr20
Vernon Davis,TE,2019,0,2,11,51,198,0,0,0,0,0,6,15,0,583,7562,63,,,,DaviVe00
John DiGiorgio,LB,2008,0,0,1,8,34,0,0,0,0,0,0,0,0,0,0,0,97,1,2.0,DiGiJo20
Tim Dobbins,LB,2013,0,0,1,19,110,0,0,0,0,0,0,0,0,0,0,0,198,3,2.0,DobbTi20
Kevin Dockery,DB,2010,0,0,0,8,61,0,0,0,0,0,0,0,0,0,0,0,136,4,,DockKe20
De Dorsey,RB,2008,0,0,0,2,29,0,0,0,0,0,26,191,0,6,68,0,,,,DorsDe00
Reed Doughty,DB,2013,0,0,3,20,107,0,0,0,0,0,0,0,0,0,0,0,336,3,3.5,DougRe20
Elvis Dumervil,DE,2017,2,5,6,63,162,0,0,0,0,0,0,0,0,0,0,0,263,1,105.5,DumeEl20
Andrew Economos,C,2013,0,0,0,12,108,0,0,0,0,0,0,0,0,0,0,0,20,,,EconAn20
Ray Edwards,DE,2012,0,0,5,37,97,0,0,0,0,0,0,0,0,0,0,0,168,,33.0,EdwaRa21
Abram Elam,DB,2012,0,0,5,26,104,0,0,0,0,0,0,0,0,0,0,0,322,3,5.0,ElamAb20
Devale Ellis,WR,2006,0,0,0,0,9,0,0,0,0,0,2,3,0,4,41,0,1,,,ElliDe00
Keith Ellison,LB,2010,0,0,3,19,58,0,0,0,0,0,1,6,0,0,0,0,164,2,2.0,ElliKe20
Mike Espy,WR,2006,0,0,0,0,1,0,0,0,0,0,0,0,0,0,0,0,,,,EspyMi20
John Eubanks,DB,2007,0,0,0,0,7,0,0,0,0,0,0,0,0,0,0,0,6,,,EubaJo20
Fred Evans,DT,2013,0,0,0,9,95,0,0,0,0,0,0,0,0,0,0,0,66,,3.0,EvanFr21
Jahri Evans,G,2017,4,6,12,114,183,0,0,0,0,0,0,0,0,0,0,0,,,,EvanJa21
Kevin Everett,TE,2007,0,0,0,0,17,0,0,0,0,0,0,0,0,2,4,0,1,,,EverKe00
Tyler Everett,DB,2006,0,0,0,0,3,0,0,0,0,0,0,0,0,0,0,0,,,,EverTy20
Anthony Fasano,TE,2017,0,0,8,22,180,0,0,0,0,0,0,0,0,299,3278,36,,,,FasaAn00
Daniel Federkeil,T,2009,0,0,0,5,28,0,0,0,0,0,0,0,0,0,0,0,,,,FedeDa20
D'Brickashaw Ferguson,T,2015,0,3,10,58,160,0,0,0,0,0,0,0,0,0,0,0,,,,FergDB20
Diamond Ferri,DB,2006,0,0,0,0,3,0,0,0,0,0,0,0,0,0,0,0,1,,,FerrDi00
Cortland Finnegan,DB,2015,1,1,7,53,133,0,0,0,0,0,0,0,0,0,0,0,541,18,7.0,FinnCo20
Dustin Fox,DB,2008,0,0,0,0,12,0,0,0,0,0,0,0,0,0,0,0,7,,,FoxxDu20
Chris Francies,WR,2007,0,0,0,0,8,0,0,0,0,0,0,0,0,2,16,0,,,,FranCh00
Jamaal Fudge,DB,2009,0,0,0,2,33,0,0,0,0,0,0,0,0,0,0,0,23,1,,FudgJa20
Omar Gaither,LB,2013,0,0,2,25,92,0,0,0,0,0,0,0,0,0,0,0,264,2,6.0,GaitOm20
Quinton Ganther,RB,2010,0,0,0,3,36,0,0,0,0,0,80,280,3,17,151,0,5,,,GantQu00
Justin Geisinger,G,2008,0,0,0,0,6,0,0,0,0,0,0,0,0,0,0,0,,,,GeisJu20
Kedric Golston,DT,2016,0,0,4,27,142,0,0,0,0,0,0,0,0,0,0,0,137,,7.0,GolsKe20
Charles Gordon,DB,2008,0,0,0,4,33,0,0,0,0,0,0,0,0,0,0,0,65,2,,GordCh20
Cletis Gordon,DB,2009,0,0,0,2,31,0,0,0,0,0,0,0,0,0,0,0,21,,,GordCl20
Stephen Gostkowski,K,2020,2,4,0,37,219,0,0,0,0,0,0,0,0,0,0,0,19,,,GostSt20
Bruce Gradkowski,QB,2014,0,0,1,8,37,375,709,4057,21,24,88,329,0,0,0,0,,,,GradBr00
Marcus Green,DT,2006,0,0,0,0,2,0,0,0,0,0,0,0,0,0,0,0,,,,GreeMa20
Skyler Green,WR,2008,0,0,0,0,11,0,0,0,0,0,1,1,0,3,33,0,,,,GreeSk20
Steve Gregory,DB,2013,0,0,4,23,111,0,0,0,0,0,0,0,0,0,0,0,278,7,3.0,GregSt20
Cedric Griffin,DB,2012,0,0,4,23,89,0,0,0,0,0,0,0,0,0,0,0,352,8,,GrifCe20
Derek Hagan,WR,2014,0,0,0,12,99,0,0,0,0,0,0,0,0,148,1734,7,19,,,HagaDe00
Tyjuan Hagler,LB,2010,0,0,1,12,50,0,0,0,0,0,0,0,0,0,0,0,126,1,2.0,HaglTy20
Tamba Hali,DE,2017,0,5,10,75,177,0,0,0,0,0,0,0,0,0,0,0,460,2,89.5,HaliTa20
Ahmard Hall,RB,2011,0,0,2,5,85,0,0,0,0,0,24,80,0,73,561,2,16,,,HallAh00
Justin Hamilton,RB,2008,0,0,0,1,12,0,0,0,0,0,0,0,0,0,0,0,13,,,HamiJu20
Parys Haralson,DE,2014,0,0,7,38,118,0,0,0,0,0,0,0,0,0,0,0,190,,28.0,HaraPa20
Roman Harper,DB,2016,0,2,8,49,156,0,0,0,0,0,0,0,0,0,0,0,641,11,18.0,HarpRo21
Kay-Jay Harris,RB,2006,0,0,0,0,7,0,0,0,0,0,3,9,0,1,10,0,4,,,HarrKa00
Orien Harris,DT,2009,0,0,0,1,20,0,0,0,0,0,0,0,0,0,0,0,9,,,HarrOr20
Arnold Harrison,LB,2009,0,0,0,3,32,0,0,0,0,0,0,0,0,0,0,0,30,,,HarrAr21
Jerome Harrison,RB,2011,0,0,0,12,63,0,0,0,0,0,356,1681,7,70,490,3,4,,,HarrJe00
Jason Hatcher,DE,2015,0,1,5,34,147,0,0,0,0,0,0,0,0,0,0,0,177,1,34.5,HatcJa20
A.J. Hawk,LB,2016,0,0,10,55,159,0,0,0,0,0,0,0,0,0,0,0,645,9,20.0,HawkA.20
Brent Hawkins,DE,2007,0,0,0,3,20,0,0,0,0,0,0,0,0,0,0,0,19,,5.5,HawkBr20
Devin Hester,WR-PR,2016,3,4,3,47,156,0,0,0,0,0,36,116,1,255,3311,16,11,,,HestDe99
Tye Hill,DB,2010,0,0,0,9,40,0,0,0,0,0,0,0,0,0,0,0,117,5,,HillTy20
Abdul Hodge,LB,2010,0,0,0,2,35,0,0,0,0,0,0,0,0,0,0,0,25,,,HodgAb20
Santonio Holmes,WR,2014,0,0,6,47,112,0,1,0,0,1,16,89,0,389,6030,36,,,,HolmSa00
Glenn Holt,WR,2008,0,0,0,2,42,0,0,0,0,0,2,2,0,20,172,2,3,,,HoltGl00
Thomas Howard,LB,2013,0,0,5,33,95,0,0,0,0,0,0,0,0,0,0,0,392,7,6.0,HowaTh20
Oliver Hoyte,LB-RB,2007,0,0,1,2,22,0,0,0,0,0,0,0,0,3,12,0,4,,,HoytOl20
Marcus Hudson,DB,2010,0,0,0,5,62,0,0,0,0,0,0,0,0,0,0,0,71,,,HudsMa20
Michael Huff,DB,2013,0,0,6,33,118,0,0,0,0,0,0,0,0,0,0,0,371,11,5.5,HuffMi20
Jack Hunt,DB,2006,0,0,0,0,1,0,0,0,0,0,0,0,0,0,0,0,,,,HuntJa20
Darrell Hunter,DB,2006,0,0,0,0,3,0,0,0,0,0,0,0,0,0,0,0,2,,,HuntDa23
Jason Hunter,DE,2013,0,0,3,17,101,0,0,0,0,0,0,0,0,0,0,0,134,1,14.0,HuntJa24
Kevin Huntley,DT,2007,0,0,0,1,11,0,0,0,0,0,0,0,0,0,0,0,9,,2.5,HuntKe21
Sam Hurd,WR,2011,0,0,0,7,77,0,0,0,0,0,0,0,0,53,739,2,50,,,HurdSa00
Richie Incognito,G,2020,0,4,10,62,164,0,0,0,0,0,0,0,0,0,0,0,,,,IncoRi20
Clint Ingram,LB,2009,0,0,3,21,56,0,0,0,0,0,0,0,0,0,0,0,158,2,5.5,IngrCl20
Brian Iwuh,LB,2011,0,0,0,7,85,0,0,0,0,0,0,0,0,0,0,0,97,,1.0,IwuhBr20
Chad Jackson,WR,2008,0,0,0,2,18,0,0,0,0,0,4,22,0,14,171,3,,,,JackCh00
D'Qwell Jackson,LB,2016,0,1,9,61,141,0,0,0,0,0,0,0,0,0,0,0,754,9,19.5,JackDQ20
Marlion Jackson,RB,2006,0,0,0,0,1,0,0,0,0,0,1,2,0,0,0,0,,,,JackMa01
T.J. Jackson,DT,2008,0,0,0,0,9,0,0,0,0,0,0,0,0,0,0,0,5,,1.0,JackTo20
Tarvaris Jackson,QB,2015,0,0,2,22,59,640,1073,7263,39,35,171,636,6,0,0,0,,,,JackTa00
Brandon Jamison,LB,2007,0,0,0,1,22,0,0,0,0,0,0,0,0,0,0,0,6,,,JamiBr20
Rashad Jeanty,LB,2009,0,0,3,15,53,0,0,0,0,0,0,0,0,0,0,0,141,,,JeanRa20
Julian Jenkins,DE,2006,0,0,0,1,12,0,0,0,0,0,0,0,0,0,0,0,6,,,JenkJu20
Adam Jennings,WR,2009,0,0,0,0,46,0,0,0,0,0,1,-4,0,6,62,1,11,,,JennAd00
Greg Jennings,WR,2015,0,2,8,66,143,0,0,0,0,0,1,-1,0,571,8291,64,,,,JennGr00
Kelly Jennings,DB,2011,0,0,2,18,91,0,0,0,0,0,0,0,0,0,0,0,211,2,1.0,JennKe20
Michael Jennings,WR,2006,0,0,0,1,8,0,0,0,0,0,2,12,0,5,49,0,,,,JennMi00
Tim Jennings,DB,2015,0,2,6,43,137,0,0,0,0,0,0,0,0,0,0,0,396,20,,JennTi20
Brandon Johnson,LB,2012,0,0,1,13,87,0,0,0,0,0,0,0,0,0,0,0,133,3,3.5,JohnBr20
Charlie Johnson,T,2014,0,0,7,52,134,0,0,0,0,0,0,0,0,1,-2,0,,,,JohnCh23
Darcy Johnson,TE,2010,0,0,0,0,34,0,0,0,0,0,0,0,0,9,78,2,1,,,JohnDa03
Jovon Johnson,DB,2006,0,0,0,0,2,0,0,0,0,0,0,0,0,0,0,0,1,,,JohnJo24
Johnny Jolly,DT,2013,0,0,3,21,61,0,0,0,0,0,0,0,0,0,0,0,89,1,3.0,JollJo20
Herana-Daze Jones,DB,2009,0,0,0,1,31,0,0,0,0,0,0,0,0,0,0,0,36,,,JoneHe21
Maurice Jones-Drew,RB,2014,1,3,4,74,126,1,2,8,1,1,1847,8167,68,346,2944,11,,,,DrewMa00
Bennie Joppru,TE,2007,0,0,0,0,19,0,0,0,0,0,0,0,0,0,0,0,5,,,JoppBe00
Davin Joseph,G,2014,0,2,8,42,116,0,0,0,0,0,0,0,0,0,0,0,1,,,JoseDa20
Johnathan Joseph,DB,2020,0,2,15,67,211,0,0,0,0,0,0,0,0,0,0,0,670,32,,JoseJo20
Keith Joseph,RB,2006,0,0,0,0,1,0,0,0,0,0,0,0,0,0,0,0,2,,,JoseKe00
Norm Katnik,C,2006,0,0,0,1,4,0,0,0,0,0,0,0,0,0,0,0,,,,KatnNo20
Freddy Keiaho,LB,2009,0,0,2,15,55,0,0,0,0,0,0,0,0,0,0,0,189,1,1.5,KeiaFr20
Chris Kemoeatu,G,2011,0,0,3,27,75,0,0,0,0,0,0,0,0,0,0,0,,,,KemoCh20
William Kershaw,LB,2009,0,0,0,0,5,0,0,0,0,0,0,0,0,0,0,0,2,,,KersWi20
Ethan Kilmer,WR,2006,0,0,0,0,16,0,0,0,0,0,0,0,0,0,0,0,14,1,,KilmEt00
Keylon Kincade,RB,2006,0,0,0,0,1,0,0,0,0,0,4,9,0,0,0,0,,,,KincKe00
Jeff King,TE,2012,0,0,6,10,108,0,0,0,0,0,0,0,0,156,1323,12,7,,,KingJe00
Mathias Kiwanuka,DE,2014,0,0,5,37,120,0,0,0,0,0,0,0,0,0,0,0,301,3,38.5,KiwaMa20
Joe Klopfenstein,TE,2009,0,0,3,3,49,0,0,0,0,0,0,0,0,34,397,2,,,,KlopJo00
Sam Koch,P,2021,0,1,0,25,256,7,8,82,0,0,7,10,1,0,0,0,15,,,KochSa20
Michael Kracalik,T,2008,0,0,0,0,4,0,0,0,0,0,0,0,0,0,0,0,,,,KracMi20
John Kuhn,FB,2017,1,3,0,10,166,0,0,0,0,0,217,658,19,98,642,9,29,,,KuhnJo00
Chris Kuper,G,2013,0,0,5,35,90,0,0,0,0,0,0,0,0,0,7,0,,,,KupeCh20
Ryan LaCasse,LB,2006,0,0,0,1,12,0,0,0,0,0,0,0,0,0,0,0,6,,,LaCaRy20
Dawan Landry,DB,2014,0,0,8,43,130,0,0,0,0,0,0,0,0,0,0,0,562,13,8.0,LandDa21
Lance Laury,LB,2010,0,0,0,6,72,0,0,0,0,0,0,0,0,0,0,0,60,,,LaurLa20
Manny Lawson,DE,2015,0,0,7,47,143,0,0,0,0,0,0,0,0,0,0,0,352,4,24.5,LawsMa20
Matt Leinart,QB,2012,0,0,1,12,33,366,641,4065,15,21,47,89,2,0,0,0,,,,LeinMa00
Jonathan Lewis,DT,2006,0,0,0,0,4,0,0,0,0,0,0,0,0,0,0,0,3,,,LewiJo22
Marcedes Lewis,TE,2021,0,1,14,35,234,0,0,0,0,0,0,0,0,426,5018,37,,,,LewiMa00
Daniel Loper,T,2010,0,0,0,7,58,0,0,0,0,0,0,0,0,0,0,0,,,,LopeDa20
Jared Lorenzen,QB,2007,0,0,0,0,4,4,8,28,0,0,2,4,0,0,0,0,,,,LoreJa00
Calvin Lowry,DB,2008,0,0,0,7,43,0,0,0,0,0,0,0,0,0,0,0,68,2,,LowrCa20
Wali Lundy,RB,2006,0,0,1,5,14,0,0,0,0,0,124,476,4,33,204,0,,,,LundWa00
Deuce Lutui,G,2012,0,0,5,34,101,0,0,0,0,0,0,0,0,0,0,0,,,,LutuDe20
Anthony Madison,DB,2011,0,0,0,5,71,0,0,0,0,0,0,0,0,0,0,0,63,1,1.0,MadiAn20
John Madsen,WR,2008,0,0,0,2,35,0,0,0,0,0,0,0,0,19,248,2,2,,,MadsJo00
Jesse Mahelona,DT,2007,0,0,0,1,11,0,0,0,0,0,0,0,0,0,0,0,16,,1.0,MaheJe20
Nick Mangold,C,2016,2,7,11,73,164,0,0,0,0,0,0,0,0,1,-3,0,1,,,MangNi20
Maurice Mann,WR,2006,0,0,0,0,1,0,0,0,0,0,0,0,0,0,0,0,,,,MannMa00
Danieal Manning,DB,2014,0,0,6,35,128,0,0,0,0,0,0,0,0,0,0,0,435,11,4.0,MannDa21
Laurence Maroney,RB,2010,0,0,0,26,49,0,0,0,0,0,618,2504,21,44,459,1,1,,,MaroLa00
Brandon Marshall,WR,2018,1,6,10,83,179,0,1,0,0,0,20,118,0,970,12351,83,6,,,MarsBr00
Richard Marshall,DB,2014,0,0,3,31,124,0,0,0,0,0,0,0,0,0,0,0,526,18,7.0,MarsRi20
Derrick Martin,DB,2013,0,0,0,5,73,0,0,0,0,0,0,0,0,0,0,0,77,3,1.0,MartDe22
Ingle Martin,QB,2006,0,0,0,0,1,0,0,0,0,0,2,-5,0,0,0,0,,,,MartIn00
Ruvell Martin,WR,2012,0,0,0,8,82,0,0,0,0,0,0,0,0,76,1129,7,18,,,MartRu00
Tim Massaquoi,TE,2007,0,0,0,0,11,0,0,0,0,0,0,0,0,0,0,0,,,,MassTi20
Marcus Maxey,DB,2006,0,0,0,0,2,0,0,0,0,0,0,0,0,0,0,0,,,,MaxeMa20
Corey Mays,LB,2010,0,0,1,10,62,0,0,0,0,0,0,0,0,0,0,0,95,,,MaysCo20
John McCargo,DT,2011,0,0,0,4,44,0,0,0,0,0,0,0,0,0,0,0,35,,2.5,McCaJo22
Stanley McClover,DE,2008,0,0,0,1,14,0,0,0,0,0,0,0,0,0,0,0,7,,1.0,McClSt20
Tony McDaniel,DT,2017,0,0,3,28,146,0,0,0,0,0,0,0,0,0,0,0,167,,11.5,McDaTo20
Rocky McIntosh,LB,2013,0,0,5,38,124,0,0,0,0,0,0,0,0,0,0,0,371,4,9.0,McInRo20
Brandon McKinney,DT,2011,0,0,0,7,61,0,0,0,0,0,0,0,0,0,0,0,40,,,McKiBr20
Reggie McNeal,QB,2006,0,0,0,0,7,0,0,0,0,0,1,8,0,0,0,0,,,,McNeRe00
Marcus McNeill,T,2011,0,2,6,48,82,0,0,0,0,0,0,0,0,0,0,0,,,,McNeMa20
Pat McQuistan,T,2012,0,0,0,8,72,0,0,0,0,0,0,0,0,0,0,0,1,,,McQuPa20
Paul McQuistan,T,2014,0,0,2,24,97,0,0,0,0,0,0,0,0,0,0,0,,,,McQuPa21
Aaron Merz,G,2006,0,0,0,1,7,0,0,0,0,0,0,0,0,0,0,0,,,,MerzAa20
Brandon Miree,RB,2006,0,0,0,0,10,0,0,0,0,0,0,0,0,9,57,0,,,,MireBr00
Jayme Mitchell,DE,2011,0,0,1,9,43,0,0,0,0,0,0,0,0,0,0,0,39,,6.5,MitcJa20
Shirdonya Mitchell,DB,2006,0,0,0,0,1,0,0,0,0,0,0,0,0,0,0,0,1,,,MitcSh20
Tony Moll,T,2011,0,0,0,13,63,0,0,0,0,0,0,0,0,0,0,0,,,,MollTo20
Anthony Montgomery,NT,2009,0,0,1,14,42,0,0,0,0,0,0,0,0,0,0,0,55,,3.0,MontAn20
Will Montgomery,G,2015,0,0,4,34,110,0,0,0,0,0,0,0,0,0,0,0,,,,MontWi20
Lance Moore,WR,2015,0,0,2,38,129,0,1,0,0,1,2,7,1,389,4816,44,1,,,MoorLa00
Chris Morris,C,2010,0,0,1,5,51,0,0,0,0,0,0,0,0,0,0,0,,,,MorrCh21
Kendrick Mosley,WR,2006,0,0,0,0,1,0,0,0,0,0,0,0,0,0,0,0,,,,MoslKe00
Sinorice Moss,WR,2009,0,0,0,4,37,0,0,0,0,0,1,4,0,39,421,3,2,,,MossSi00
Montez Murphy,DE,2006,0,0,0,0,1,0,0,0,0,0,0,0,0,0,0,0,,,,MurpMo20
Martin Nance,WR,2006,0,0,0,0,1,0,0,0,0,0,0,0,0,4,33,0,,,,NancMa00
Terna Nande,LB,2006,0,0,0,0,1,0,0,0,0,0,0,0,0,0,0,0,1,,,NandTe20
Ikechuku Ndukwe,G-T,2011,0,0,1,10,35,0,0,0,0,0,0,0,0,0,0,0,,,,NdukIk20
Haloti Ngata,DT,2018,2,5,12,100,180,0,0,0,0,0,0,0,0,0,0,0,329,5,32.5,NgatHa20
A.J. Nicholson,LB,2006,0,0,0,0,2,0,0,0,0,0,0,0,0,0,0,0,,,,NichA.20
Rob Ninkovich,DE,2016,0,0,7,51,131,0,0,0,0,0,0,0,0,0,0,0,273,5,46.0,NinkRo20
Rudy Niswanger,C,2010,0,0,2,13,56,0,0,0,0,0,0,0,0,0,0,0,,,,NiswRu20
Jerious Norwood,RB,2011,0,0,0,20,66,0,2,0,0,1,399,2056,7,96,912,3,6,,,NorwJe00
Ryan O'Callaghan,T,2010,0,0,1,11,51,0,0,0,0,0,0,0,0,0,0,0,,,,OCalRy20
Quinn Ojinnaka,G,2012,0,0,2,11,62,0,0,0,0,0,0,0,0,0,0,0,,,,OjinQu20
Melvin Oliver,DE,2006,0,0,1,5,16,0,0,0,0,0,0,0,0,0,0,0,35,,1.0,OlivMe20
Frank Omiyale,T,2012,0,0,2,17,75,0,0,0,0,0,0,0,0,0,0,0,,,,OmiyFr20
Babatunde Oshinowo,DT,2007,0,0,0,0,2,0,0,0,0,0,0,0,0,0,0,0,2,,,OshiBa20
Montell Owens,RB,2014,0,2,0,2,111,0,0,0,0,0,56,292,3,12,132,0,66,,,OwenMo01
Jarrad Page,DB,2011,0,0,2,18,74,0,0,0,0,0,1,4,0,0,0,0,190,12,1.0,PageJa20
Tony Palmer,G,2007,0,0,0,0,8,0,0,0,0,0,0,0,0,0,0,0,,,,PalmTo21
Erik Pears,T,2015,0,0,7,42,117,0,0,0,0,0,0,0,0,0,0,0,,,,PearEr20
Dave Pearson,C,2006,0,0,0,0,2,0,0,0,0,0,0,0,0,0,0,0,,,,PearDa20
Domata Peko,DT,2020,0,0,12,68,214,0,0,0,0,0,0,0,0,0,0,0,321,,20.0,PekoDo20
Terrance Pennington,T,2007,0,0,1,4,16,0,0,0,0,0,0,0,0,0,0,0,,,,PennTe20
Charlie Peprah,DB,2012,0,0,2,12,74,0,0,0,0,0,0,0,0,0,0,0,142,8,,PeprCh20
Jereme Perry,DB,2007,0,0,0,1,16,0,0,0,0,0,0,0,0,0,0,0,18,,,PerrJe20
Kenneth Pettway,DE,2008,0,0,0,3,25,0,0,0,0,0,0,0,0,0,0,0,15,,3.0,PettKe20
Ryan Plackemeier,P,2008,0,0,0,5,43,0,0,0,0,0,1,0,0,0,0,0,1,,,PlacRy20
Bernard Pollard,DB,2014,0,0,7,34,126,0,0,0,0,0,0,0,0,0,0,0,553,12,10.5,PollBe20
Leonard Pope,TE,2012,0,0,4,6,103,0,0,0,0,0,0,0,0,105,982,11,,,,PopeLe00
P.J. Pope,RB,2008,0,0,0,1,6,0,0,0,0,0,17,130,0,3,24,1,,,,PopeP.20
Ronnie Prude,DB,2007,0,0,0,3,30,0,0,0,0,0,0,0,0,0,0,0,20,2,,PrudRo20
Jason Rader,TE,2008,0,0,0,0,11,0,0,0,0,0,0,0,0,1,26,0,,,,RadeJa00
LaJuan Ramsey,DT,2009,0,0,0,4,34,0,0,0,0,0,0,0,0,0,0,0,23,1,1.0,RamsLa20
Jamaica Rector,WR,2007,0,0,0,0,3,0,0,0,0,0,0,0,0,0,0,0,,,,RectJa00
Willie Reid,WR,2007,0,0,0,1,7,0,0,0,0,0,0,0,0,4,54,0,,,,ReidWi00
Michael Robinson,FB,2013,0,1,1,7,112,1,2,28,0,0,115,422,2,75,610,3,55,,,RobiMi00
Brett Romberg,C,2011,0,0,1,8,44,0,0,0,0,0,0,0,0,0,0,0,,,,RombBr20
Cory Ross,RB,2007,0,0,0,0,10,0,0,0,0,0,12,72,1,0,0,0,,,,RossCo00
Derrick Ross,RB,2006,0,0,0,0,7,0,0,0,0,0,3,8,0,0,0,0,7,,,RossDe00
J.D. Runnels,RB,2006,0,0,0,0,2,0,0,0,0,0,0,0,0,0,0,0,,,,RunnJ.00
T.J. Rushing,DB,2009,0,0,0,3,35,0,0,0,0,0,0,0,0,0,0,0,26,,,RushT.20
Jon Ryan,P,2017,0,0,0,20,191,3,4,54,0,0,11,0,0,0,0,0,9,,,RyanJo21
DeMeco Ryans,LB,2015,0,2,8,58,140,0,0,0,0,0,0,0,0,0,0,0,735,7,13.5,RyanDe20
Nate Salley,DB,2008,0,0,0,1,24,0,0,0,0,0,0,0,0,0,0,0,9,,,SallNa20
A.J. Schable,DE,2006,0,0,0,1,11,0,0,0,0,0,1,5,0,0,0,0,8,,,SchaA.20
Tony Scheffler,TE,2013,0,0,2,24,107,0,0,0,0,0,3,7,0,258,3207,22,3,1,,ScheTo00
Anthony Schlegel,LB,2007,0,0,0,2,17,0,0,0,0,0,0,0,0,0,0,0,21,,,SchlAn20
Jonathan Scott,T,2014,0,0,1,17,71,0,0,0,0,0,0,0,0,0,0,0,,,,ScotJo22
Jonas Seawright,DT,2006,0,0,0,1,9,0,0,0,0,0,0,0,0,0,0,0,1,,,SeawJo20
Mark Setterstrom,G,2009,0,0,0,5,19,0,0,0,0,0,0,0,0,0,0,0,,,,SettMa20
Eric Shelton,RB,2006,0,0,0,0,9,0,0,0,0,0,8,23,0,1,6,0,1,,,ShelEr00
Ko Simpson,DB,2009,0,0,2,12,41,0,0,0,0,0,0,0,0,0,0,0,129,3,1.0,SimpKo20
Ernie Sims,LB,2013,0,0,4,29,109,0,0,0,0,0,0,0,0,0,0,0,420,1,5.5,SimsEr20
James Sims,RB,2006,0,0,0,0,2,0,0,0,0,0,0,0,0,0,0,0,1,,,SimsJa00
Rob Sims,G,2014,0,0,7,46,125,0,0,0,0,0,0,0,0,0,0,0,,,,SimsRo20
Anthony Smith,DB,2011,0,0,1,12,76,0,0,0,0,0,0,0,0,0,0,0,146,7,,SmitAn21
Brad Smith,WR,2014,0,0,1,17,127,4,10,51,1,2,134,972,4,104,987,5,68,,,SmitBr01
Eric Smith,DB,2012,0,0,1,18,96,0,0,0,0,0,0,0,0,1,27,0,225,6,3.5,SmitEr22
Khreem Smith,DE,2007,0,0,0,0,3,0,0,0,0,0,0,0,0,0,0,0,1,,,SmitKh20
Le Kevin Smith,DT,2010,0,0,0,5,45,0,0,0,0,0,0,0,0,0,0,0,19,,1.0,SmitLe20
Rob Smith,T-G,2006,0,0,0,0,1,0,0,0,0,0,0,0,0,0,0,0,,,,SmitRo20
Tyson Smith,LB,2006,0,0,0,0,3,0,0,0,0,0,0,0,0,0,0,0,3,,,SmitTy20
Isaac Sowells,T,2008,0,0,0,1,17,0,0,0,0,0,0,0,0,0,0,0,,,,SoweIs20
Antwain Spann,DB,2008,0,0,0,2,19,0,0,0,0,0,0,0,0,0,0,0,8,,,SpanAn20
Charles Spencer,G,2006,0,0,0,1,2,0,0,0,0,0,0,0,0,0,0,0,,,,SpenCh20
Jason Spitz,G,2011,0,0,3,24,75,0,0,0,0,0,0,0,0,0,0,0,,,,SpitJa20
Micheal Spurlock,WR,2014,0,0,0,9,68,0,5,0,0,0,1,3,0,47,502,3,9,,,SpurMi00
Montavious Stanley,DT,2009,0,0,0,5,33,0,0,0,0,0,0,0,0,0,0,0,46,,1.5,StanMo20
Ronald Stanley,LB,2006,0,0,0,0,1,0,0,0,0,0,0,0,0,0,0,0,,,,StanRo20
David Stewart,T,2013,0,0,8,48,116,0,0,0,0,0,0,0,0,0,0,0,,,,StewDa21
Clint Stickdorn,T,2006,0,0,0,0,1,0,0,0,0,0,0,0,0,0,0,0,,,,SticCl20
Maurice Stovall,WR,2012,0,0,0,5,81,0,0,0,0,0,2,29,0,52,668,3,37,,,StovMa00
Zach Strief,G,2017,0,0,6,50,158,0,0,0,0,0,0,0,0,0,0,0,1,,,StriZa20
Boone Stutz,TE,2007,0,0,0,0,28,0,0,0,0,0,0,0,0,0,0,0,1,,,StutBo00
Joe Sykes,DE,2006,0,0,0,0,1,0,0,0,0,0,0,0,0,0,0,0,,,,SykeJo20
Quinn Sypniewski,TE,2007,0,0,1,2,31,0,0,0,0,0,0,0,0,36,261,1,2,,,SypnQu00
Darryl Tapp,DE,2017,0,0,2,30,165,0,0,0,0,0,0,0,0,0,0,0,262,2,29.0,TappDa20
Chris Taylor,RB,2008,0,0,0,1,7,0,0,0,0,0,42,160,1,3,40,0,4,,,TaylCh02
David Thomas,TE,2012,0,0,3,9,80,0,0,0,0,0,0,0,0,102,938,8,1,,,ThomDa02
Jamie Thompson,DB,2006,0,0,0,0,3,0,0,0,0,0,0,0,0,0,0,0,1,,,ThomJa21
Andy Thorn,TE,2006,0,0,0,0,1,0,0,0,0,0,0,0,0,0,0,0,,,,ThorAn00
Spencer Toone,LB,2006,0,0,0,0,3,0,0,0,0,0,0,0,0,0,0,0,,,,ToonSp20
Jeremy Trueblood,T,2013,0,0,6,35,116,0,0,0,0,0,0,0,0,0,0,0,1,,,TrueJe20
Stephen Tulloch,LB,2016,0,0,7,49,159,0,0,0,0,0,0,0,0,0,0,0,683,5,14.5,TullSt20
Nick Turnbull,DB,2006,0,0,0,0,3,0,0,0,0,0,0,0,0,0,0,0,,,,TurnNi20
Stacy Tutt,RB,2007,0,0,0,0,11,0,0,0,0,0,0,0,0,0,0,0,2,,,TuttSt00
Marcus Vick,WR-QB,2006,0,0,0,0,1,0,0,0,0,0,0,0,0,0,0,0,,,,VickMa20
Lawrence Vickers,FB,2012,0,0,3,3,106,0,0,0,0,0,37,98,0,58,404,3,13,,,VickLa00
Delanie Walker,TE,2019,0,3,7,39,183,0,0,0,0,0,16,89,1,504,5888,36,37,,,WalkHu00
Cooper Wallace,TE,2006,0,0,0,0,2,0,0,0,0,0,0,0,0,1,6,0,,,,WallCo00
Andrew Walter,QB,2008,0,0,1,1,15,174,333,1919,3,16,19,49,0,0,0,0,,,,WaltAn00
Paris Warren,WR,2006,0,0,0,0,8,0,0,0,0,0,0,0,0,5,63,0,,,,WarrPa00
Leon Washington,RB,2014,1,2,1,30,126,1,1,36,0,0,487,2271,16,168,1286,4,5,,,WashLe00
Pat Watkins,DB,2010,0,0,1,6,53,0,0,0,0,0,0,0,0,0,0,0,104,4,,WatkPa20
Gabe Watson,DT,2010,0,0,1,11,62,0,0,0,0,0,0,0,0,0,0,0,81,,2.0,WatsGa20
Steve Weatherford,P,2015,0,0,0,16,143,0,1,0,0,1,7,64,0,0,0,0,18,,,WeatSt20
Dee Webb,DB,2006,0,0,0,1,11,0,0,0,0,0,0,0,0,0,0,0,15,1,,WebbDe20
Jeff Webb,WR,2008,0,0,0,2,31,0,0,0,0,0,1,5,0,36,382,1,6,,,WebbJe00
Marquis Weeks,RB,2006,0,0,0,0,10,0,0,0,0,0,3,8,0,0,0,0,7,,,WeekMa00
Guy Whimper,T,2013,0,0,1,13,78,0,0,0,0,0,0,0,0,3,28,1,,,,WhimGu20
LenDale White,RB,2009,0,0,1,14,58,0,0,0,0,0,628,2349,24,42,204,0,,,,WhitLe01
Charlie Whitehurst,QB,2016,0,0,0,7,26,219,396,2463,11,8,56,156,2,0,10,0,,,,WhitCh02
Donte Whitner,DB,2016,0,2,10,47,157,0,0,0,0,0,0,0,0,0,0,0,668,11,3.0,WhitDo20
Andrew Whitworth,T,2021,2,4,16,100,239,0,0,0,0,0,0,0,0,1,1,1,,,,WhitAn20
Ben Wilkerson,C,2008,0,0,0,2,32,0,0,0,0,0,0,0,0,0,0,0,,,,WilkBe20
Gerris Wilkinson,LB,2010,0,0,0,6,58,0,0,0,0,0,0,0,0,0,0,0,54,,,WilkGe20
Brandon Williams,WR,2007,0,0,0,0,23,0,0,0,0,0,0,0,0,0,0,0,2,,,WillBr01
DeAngelo Williams,RB,2016,0,1,6,61,142,0,0,0,0,0,1730,8096,61,236,2106,9,1,,,WillDe02
Demetrius Williams,WR,2010,0,0,0,9,46,0,0,0,0,0,0,0,0,63,1008,4,,,,WillDe03
Jamar Williams,LB,2010,0,0,0,5,54,0,0,0,0,0,0,0,0,0,0,0,70,,1.0,WillJa21
Jimmy Williams,DB,2007,0,0,0,5,27,0,0,0,0,0,0,0,0,0,0,0,41,1,,WillJi23
Kyle Williams,DT,2018,0,6,11,79,183,0,0,0,0,0,1,1,1,1,9,0,387,1,48.5,WillKy20
Leon Williams,LB,2012,0,0,0,9,61,0,0,0,0,0,0,0,0,0,0,0,129,,5.0,WillLe20
Mario Williams,DE,2016,1,4,9,79,158,0,0,0,0,0,0,0,0,0,0,0,317,,97.5,WillMa22
Stephen Williams,DT,2006,0,0,0,1,11,0,0,0,0,0,0,0,0,0,0,0,4,,,WillSt21
Quincy Wilson,RB,2007,0,0,0,0,4,0,0,0,0,0,2,2,0,0,0,0,,,,WilsQu00
Rod Wilson,DB,2010,0,0,0,7,51,0,0,0,0,0,0,0,0,0,0,0,38,,,WilsRo20
Travis Wilson,WR,2006,0,0,0,0,4,0,0,0,0,0,0,0,0,2,32,0,,,,WilsTr00
Kamerion Wimbley,DE,2014,0,0,8,44,140,0,0,0,0,0,0,0,0,0,0,0,322,2,53.5,WimbKa20
Jamaine Winborne,DB,2007,0,0,0,1,17,0,0,0,0,0,0,0,0,0,0,0,15,,,WinbJa21
Eric Winston,T,2017,0,0,7,53,165,0,0,0,0,0,0,0,0,0,0,0,,,,WinsEr20
Pierre Woods,LB,2010,0,0,0,8,58,0,0,0,0,0,0,0,0,0,0,0,82,,2.0,WoodPi20
Wallace Wright,WR,2009,0,0,0,1,53,0,0,0,0,0,0,0,0,8,108,0,54,,,WrigWa00
Claude Wroten,DT,2007,0,0,0,2,26,0,0,0,0,0,0,0,0,0,0,0,21,,1.5,WrotCl20
Ashton Youboty,DB,2011,0,0,0,8,49,0,0,0,0,0,0,0,0,0,0,0,73,2,2.0,YoubAs20
Scott Young,G,2008,0,0,0,1,14,0,0,0,0,0,0,0,0,0,0,0,,,,YounSc20
Vince Young,QB,2011,0,2,4,33,60,755,1304,8964,46,51,282,1459,12,0,0,0,,,,YounVi00
Kevin Youngblood,WR,2006,0,0,0,0,1,0,0,0,0,0,0,0,0,0,0,0,,,,YounKe00